label,line,construct,treatment,id,ari_freq
-13.86000061,#8-7_1uM_DEX,#8-7,1uM_DEX,1,0
-13.57999992,#8-7_1uM_DEX,#8-7,1uM_DEX,1,0.006110975
-13.29999924,#8-7_1uM_DEX,#8-7,1uM_DEX,1,0
-13.02000046,#8-7_1uM_DEX,#8-7,1uM_DEX,1,0.003055488
-12.73999977,#8-7_1uM_DEX,#8-7,1uM_DEX,1,0
-12.46000004,#8-7_1uM_DEX,#8-7,1uM_DEX,1,0.006110975
-12.18000031,#8-7_1uM_DEX,#8-7,1uM_DEX,1,0.006110975
-11.89999962,#8-7_1uM_DEX,#8-7,1uM_DEX,1,0
-11.61999989,#8-7_1uM_DEX,#8-7,1uM_DEX,1,0.012221951
-11.34000015,#8-7_1uM_DEX,#8-7,1uM_DEX,1,0.012221951
-11.05999947,#8-7_1uM_DEX,#8-7,1uM_DEX,1,0.024443901
-10.78000069,#8-7_1uM_DEX,#8-7,1uM_DEX,1,0.030554877
-10.5,#8-7_1uM_DEX,#8-7,1uM_DEX,1,0.054998778
-10.21999931,#8-7_1uM_DEX,#8-7,1uM_DEX,1,0.09166463
-9.940000534,#8-7_1uM_DEX,#8-7,1uM_DEX,1,0.152774383
-9.659999847,#8-7_1uM_DEX,#8-7,1uM_DEX,1,0.168051821
-9.380000114,#8-7_1uM_DEX,#8-7,1uM_DEX,1,0.259716451
-9.100000381,#8-7_1uM_DEX,#8-7,1uM_DEX,1,0.400268883
-8.819999695,#8-7_1uM_DEX,#8-7,1uM_DEX,1,0.494989
-8.539999962,#8-7_1uM_DEX,#8-7,1uM_DEX,1,0.666096309
-8.260000229,#8-7_1uM_DEX,#8-7,1uM_DEX,1,0.831092642
-7.980000019,#8-7_1uM_DEX,#8-7,1uM_DEX,1,0.916646297
-7.699999809,#8-7_1uM_DEX,#8-7,1uM_DEX,1,1.051087754
-7.420000076,#8-7_1uM_DEX,#8-7,1uM_DEX,1,1.246638964
-7.140000343,#8-7_1uM_DEX,#8-7,1uM_DEX,1,1.26497189
-6.859999657,#8-7_1uM_DEX,#8-7,1uM_DEX,1,1.478856025
-6.579999924,#8-7_1uM_DEX,#8-7,1uM_DEX,1,1.582742606
-6.300000191,#8-7_1uM_DEX,#8-7,1uM_DEX,1,1.701906624
-6.019999981,#8-7_1uM_DEX,#8-7,1uM_DEX,1,1.793571254
-5.739999771,#8-7_1uM_DEX,#8-7,1uM_DEX,1,1.839403569
-5.460000038,#8-7_1uM_DEX,#8-7,1uM_DEX,1,2.086898069
-5.180000305,#8-7_1uM_DEX,#8-7,1uM_DEX,1,1.894402347
-4.900000095,#8-7_1uM_DEX,#8-7,1uM_DEX,1,2.050232217
-4.619999886,#8-7_1uM_DEX,#8-7,1uM_DEX,1,2.016621853
-4.340000153,#8-7_1uM_DEX,#8-7,1uM_DEX,1,2.105230995
-4.059999943,#8-7_1uM_DEX,#8-7,1uM_DEX,1,2.172451723
-3.78000021,#8-7_1uM_DEX,#8-7,1uM_DEX,1,2.2030066
-3.5,#8-7_1uM_DEX,#8-7,1uM_DEX,1,2.144952334
-3.21999979,#8-7_1uM_DEX,#8-7,1uM_DEX,1,2.199951112
-2.940000057,#8-7_1uM_DEX,#8-7,1uM_DEX,1,2.584942557
-2.659999847,#8-7_1uM_DEX,#8-7,1uM_DEX,1,2.823270594
-2.380000114,#8-7_1uM_DEX,#8-7,1uM_DEX,1,3.700195551
-2.099999905,#8-7_1uM_DEX,#8-7,1uM_DEX,1,4.305182107
-1.819999933,#8-7_1uM_DEX,#8-7,1uM_DEX,1,5.237105842
-1.539999962,#8-7_1uM_DEX,#8-7,1uM_DEX,1,6.077364947
-1.25999999,#8-7_1uM_DEX,#8-7,1uM_DEX,1,5.851258861
-0.980000019,#8-7_1uM_DEX,#8-7,1uM_DEX,1,5.475433879
-0.699999988,#8-7_1uM_DEX,#8-7,1uM_DEX,1,4.632119286
-0.420000017,#8-7_1uM_DEX,#8-7,1uM_DEX,1,3.72769494
-0.140000001,#8-7_1uM_DEX,#8-7,1uM_DEX,1,3.086042532
0.140000001,#8-7_1uM_DEX,#8-7,1uM_DEX,1,2.557443168
0.420000017,#8-7_1uM_DEX,#8-7,1uM_DEX,1,2.062454168
0.699999988,#8-7_1uM_DEX,#8-7,1uM_DEX,1,1.653018822
0.980000019,#8-7_1uM_DEX,#8-7,1uM_DEX,1,1.423857248
1.25999999,#8-7_1uM_DEX,#8-7,1uM_DEX,1,1.151918846
1.539999962,#8-7_1uM_DEX,#8-7,1uM_DEX,1,0.965534099
1.819999933,#8-7_1uM_DEX,#8-7,1uM_DEX,1,0.721095087
2.099999905,#8-7_1uM_DEX,#8-7,1uM_DEX,1,0.714984111
2.380000114,#8-7_1uM_DEX,#8-7,1uM_DEX,1,0.571376192
2.659999847,#8-7_1uM_DEX,#8-7,1uM_DEX,1,0.464434124
2.940000057,#8-7_1uM_DEX,#8-7,1uM_DEX,1,0.360547543
3.21999979,#8-7_1uM_DEX,#8-7,1uM_DEX,1,0.39110242
3.5,#8-7_1uM_DEX,#8-7,1uM_DEX,1,0.317770716
3.78000021,#8-7_1uM_DEX,#8-7,1uM_DEX,1,0.329992667
4.059999943,#8-7_1uM_DEX,#8-7,1uM_DEX,1,0.232217062
4.340000153,#8-7_1uM_DEX,#8-7,1uM_DEX,1,0.281104864
4.619999886,#8-7_1uM_DEX,#8-7,1uM_DEX,1,0.213884136
4.900000095,#8-7_1uM_DEX,#8-7,1uM_DEX,1,0.177218284
5.180000305,#8-7_1uM_DEX,#8-7,1uM_DEX,1,0.183329259
5.460000038,#8-7_1uM_DEX,#8-7,1uM_DEX,1,0.183329259
5.739999771,#8-7_1uM_DEX,#8-7,1uM_DEX,1,0.122219506
6.019999981,#8-7_1uM_DEX,#8-7,1uM_DEX,1,0.131385969
6.300000191,#8-7_1uM_DEX,#8-7,1uM_DEX,1,0.128330482
6.579999924,#8-7_1uM_DEX,#8-7,1uM_DEX,1,0.125274994
6.859999657,#8-7_1uM_DEX,#8-7,1uM_DEX,1,0.113053043
7.140000343,#8-7_1uM_DEX,#8-7,1uM_DEX,1,0.140552432
7.420000076,#8-7_1uM_DEX,#8-7,1uM_DEX,1,0.109997556
7.699999809,#8-7_1uM_DEX,#8-7,1uM_DEX,1,0.097775605
7.980000019,#8-7_1uM_DEX,#8-7,1uM_DEX,1,0.09166463
8.260000229,#8-7_1uM_DEX,#8-7,1uM_DEX,1,0.073331704
8.539999962,#8-7_1uM_DEX,#8-7,1uM_DEX,1,0.079442679
8.819999695,#8-7_1uM_DEX,#8-7,1uM_DEX,1,0.05194329
9.100000381,#8-7_1uM_DEX,#8-7,1uM_DEX,1,0.061109753
9.380000114,#8-7_1uM_DEX,#8-7,1uM_DEX,1,0.064165241
9.659999847,#8-7_1uM_DEX,#8-7,1uM_DEX,1,0.033610364
9.940000534,#8-7_1uM_DEX,#8-7,1uM_DEX,1,0.05194329
10.21999931,#8-7_1uM_DEX,#8-7,1uM_DEX,1,0.042776827
10.5,#8-7_1uM_DEX,#8-7,1uM_DEX,1,0.048887802
10.78000069,#8-7_1uM_DEX,#8-7,1uM_DEX,1,0.05194329
11.05999947,#8-7_1uM_DEX,#8-7,1uM_DEX,1,0.05194329
11.34000015,#8-7_1uM_DEX,#8-7,1uM_DEX,1,0.048887802
11.61999989,#8-7_1uM_DEX,#8-7,1uM_DEX,1,0.045832315
11.89999962,#8-7_1uM_DEX,#8-7,1uM_DEX,1,0.03972134
12.18000031,#8-7_1uM_DEX,#8-7,1uM_DEX,1,0.036665852
12.46000004,#8-7_1uM_DEX,#8-7,1uM_DEX,1,0.030554877
12.73999977,#8-7_1uM_DEX,#8-7,1uM_DEX,1,0.018332926
13.02000046,#8-7_1uM_DEX,#8-7,1uM_DEX,1,0.027499389
13.29999924,#8-7_1uM_DEX,#8-7,1uM_DEX,1,0.048887802
13.57999992,#8-7_1uM_DEX,#8-7,1uM_DEX,1,0.024443901
13.86000061,#8-7_1uM_DEX,#8-7,1uM_DEX,1,0.030554877
-13.86000061,#8-7_1uM_DEX,#8-7,1uM_DEX,2,0.003932209
-13.57999992,#8-7_1uM_DEX,#8-7,1uM_DEX,2,0.007864417
-13.29999924,#8-7_1uM_DEX,#8-7,1uM_DEX,2,0.003932209
-13.02000046,#8-7_1uM_DEX,#8-7,1uM_DEX,2,0.003932209
-12.73999977,#8-7_1uM_DEX,#8-7,1uM_DEX,2,0.011796626
-12.46000004,#8-7_1uM_DEX,#8-7,1uM_DEX,2,0
-12.18000031,#8-7_1uM_DEX,#8-7,1uM_DEX,2,0
-11.89999962,#8-7_1uM_DEX,#8-7,1uM_DEX,2,0.007864417
-11.61999989,#8-7_1uM_DEX,#8-7,1uM_DEX,2,0.015728835
-11.34000015,#8-7_1uM_DEX,#8-7,1uM_DEX,2,0.007864417
-11.05999947,#8-7_1uM_DEX,#8-7,1uM_DEX,2,0.023593252
-10.78000069,#8-7_1uM_DEX,#8-7,1uM_DEX,2,0.055050922
-10.5,#8-7_1uM_DEX,#8-7,1uM_DEX,2,0.070779757
-10.21999931,#8-7_1uM_DEX,#8-7,1uM_DEX,2,0.102237427
-9.940000534,#8-7_1uM_DEX,#8-7,1uM_DEX,2,0.114034053
-9.659999847,#8-7_1uM_DEX,#8-7,1uM_DEX,2,0.15335614
-9.380000114,#8-7_1uM_DEX,#8-7,1uM_DEX,2,0.196610436
-9.100000381,#8-7_1uM_DEX,#8-7,1uM_DEX,2,0.326373324
-8.819999695,#8-7_1uM_DEX,#8-7,1uM_DEX,2,0.393220872
-8.539999962,#8-7_1uM_DEX,#8-7,1uM_DEX,2,0.495458299
-8.260000229,#8-7_1uM_DEX,#8-7,1uM_DEX,2,0.609492352
-7.980000019,#8-7_1uM_DEX,#8-7,1uM_DEX,2,0.794306162
-7.699999809,#8-7_1uM_DEX,#8-7,1uM_DEX,2,0.928001258
-7.420000076,#8-7_1uM_DEX,#8-7,1uM_DEX,2,1.053831937
-7.140000343,#8-7_1uM_DEX,#8-7,1uM_DEX,2,1.270103417
-6.859999657,#8-7_1uM_DEX,#8-7,1uM_DEX,2,1.289764461
-6.579999924,#8-7_1uM_DEX,#8-7,1uM_DEX,2,1.56895128
-6.300000191,#8-7_1uM_DEX,#8-7,1uM_DEX,2,1.667256498
-6.019999981,#8-7_1uM_DEX,#8-7,1uM_DEX,2,1.977900987
-5.739999771,#8-7_1uM_DEX,#8-7,1uM_DEX,2,2.146985962
-5.460000038,#8-7_1uM_DEX,#8-7,1uM_DEX,2,2.017223074
-5.180000305,#8-7_1uM_DEX,#8-7,1uM_DEX,2,2.249223389
-4.900000095,#8-7_1uM_DEX,#8-7,1uM_DEX,2,2.30820652
-4.619999886,#8-7_1uM_DEX,#8-7,1uM_DEX,2,2.477291495
-4.340000153,#8-7_1uM_DEX,#8-7,1uM_DEX,2,2.449766034
-4.059999943,#8-7_1uM_DEX,#8-7,1uM_DEX,2,2.587393339
-3.78000021,#8-7_1uM_DEX,#8-7,1uM_DEX,2,2.320003146
-3.5,#8-7_1uM_DEX,#8-7,1uM_DEX,2,2.320003146
-3.21999979,#8-7_1uM_DEX,#8-7,1uM_DEX,2,2.316070937
-2.940000057,#8-7_1uM_DEX,#8-7,1uM_DEX,2,2.489088121
-2.659999847,#8-7_1uM_DEX,#8-7,1uM_DEX,2,3.051393968
-2.380000114,#8-7_1uM_DEX,#8-7,1uM_DEX,2,3.32271637
-2.099999905,#8-7_1uM_DEX,#8-7,1uM_DEX,2,4.211395541
-1.819999933,#8-7_1uM_DEX,#8-7,1uM_DEX,2,4.750108136
-1.539999962,#8-7_1uM_DEX,#8-7,1uM_DEX,2,5.634855098
-1.25999999,#8-7_1uM_DEX,#8-7,1uM_DEX,2,6.299398372
-0.980000019,#8-7_1uM_DEX,#8-7,1uM_DEX,2,6.755534584
-0.699999988,#8-7_1uM_DEX,#8-7,1uM_DEX,2,6.18143211
-0.420000017,#8-7_1uM_DEX,#8-7,1uM_DEX,2,4.486650151
-0.140000001,#8-7_1uM_DEX,#8-7,1uM_DEX,2,3.251936613
0.140000001,#8-7_1uM_DEX,#8-7,1uM_DEX,2,2.555935669
0.420000017,#8-7_1uM_DEX,#8-7,1uM_DEX,2,1.97003657
0.699999988,#8-7_1uM_DEX,#8-7,1uM_DEX,2,1.592544532
0.980000019,#8-7_1uM_DEX,#8-7,1uM_DEX,2,1.454917227
1.25999999,#8-7_1uM_DEX,#8-7,1uM_DEX,2,1.097086233
1.539999962,#8-7_1uM_DEX,#8-7,1uM_DEX,2,0.998781015
1.819999933,#8-7_1uM_DEX,#8-7,1uM_DEX,2,0.660611065
2.099999905,#8-7_1uM_DEX,#8-7,1uM_DEX,2,0.550509221
2.380000114,#8-7_1uM_DEX,#8-7,1uM_DEX,2,0.314576698
2.659999847,#8-7_1uM_DEX,#8-7,1uM_DEX,2,0.314576698
2.940000057,#8-7_1uM_DEX,#8-7,1uM_DEX,2,0.298847863
3.21999979,#8-7_1uM_DEX,#8-7,1uM_DEX,2,0.224135897
3.5,#8-7_1uM_DEX,#8-7,1uM_DEX,2,0.145491723
3.78000021,#8-7_1uM_DEX,#8-7,1uM_DEX,2,0.145491723
4.059999943,#8-7_1uM_DEX,#8-7,1uM_DEX,2,0.137627305
4.340000153,#8-7_1uM_DEX,#8-7,1uM_DEX,2,0.106169635
4.619999886,#8-7_1uM_DEX,#8-7,1uM_DEX,2,0.074711966
4.900000095,#8-7_1uM_DEX,#8-7,1uM_DEX,2,0.058983131
5.180000305,#8-7_1uM_DEX,#8-7,1uM_DEX,2,0.058983131
5.460000038,#8-7_1uM_DEX,#8-7,1uM_DEX,2,0.051118713
5.739999771,#8-7_1uM_DEX,#8-7,1uM_DEX,2,0.019661044
6.019999981,#8-7_1uM_DEX,#8-7,1uM_DEX,2,0.03145767
6.300000191,#8-7_1uM_DEX,#8-7,1uM_DEX,2,0.03145767
6.579999924,#8-7_1uM_DEX,#8-7,1uM_DEX,2,0.023593252
6.859999657,#8-7_1uM_DEX,#8-7,1uM_DEX,2,0.023593252
7.140000343,#8-7_1uM_DEX,#8-7,1uM_DEX,2,0.023593252
7.420000076,#8-7_1uM_DEX,#8-7,1uM_DEX,2,0.023593252
7.699999809,#8-7_1uM_DEX,#8-7,1uM_DEX,2,0.019661044
7.980000019,#8-7_1uM_DEX,#8-7,1uM_DEX,2,0.023593252
8.260000229,#8-7_1uM_DEX,#8-7,1uM_DEX,2,0.011796626
8.539999962,#8-7_1uM_DEX,#8-7,1uM_DEX,2,0.019661044
8.819999695,#8-7_1uM_DEX,#8-7,1uM_DEX,2,0.015728835
9.100000381,#8-7_1uM_DEX,#8-7,1uM_DEX,2,0.007864417
9.380000114,#8-7_1uM_DEX,#8-7,1uM_DEX,2,0.007864417
9.659999847,#8-7_1uM_DEX,#8-7,1uM_DEX,2,0.007864417
9.940000534,#8-7_1uM_DEX,#8-7,1uM_DEX,2,0
10.21999931,#8-7_1uM_DEX,#8-7,1uM_DEX,2,0
10.5,#8-7_1uM_DEX,#8-7,1uM_DEX,2,0
10.78000069,#8-7_1uM_DEX,#8-7,1uM_DEX,2,0.007864417
11.05999947,#8-7_1uM_DEX,#8-7,1uM_DEX,2,0.003932209
11.34000015,#8-7_1uM_DEX,#8-7,1uM_DEX,2,0.003932209
11.61999989,#8-7_1uM_DEX,#8-7,1uM_DEX,2,0.003932209
11.89999962,#8-7_1uM_DEX,#8-7,1uM_DEX,2,0.003932209
12.18000031,#8-7_1uM_DEX,#8-7,1uM_DEX,2,0.007864417
12.46000004,#8-7_1uM_DEX,#8-7,1uM_DEX,2,0.003932209
12.73999977,#8-7_1uM_DEX,#8-7,1uM_DEX,2,0
13.02000046,#8-7_1uM_DEX,#8-7,1uM_DEX,2,0.007864417
13.29999924,#8-7_1uM_DEX,#8-7,1uM_DEX,2,0
13.57999992,#8-7_1uM_DEX,#8-7,1uM_DEX,2,0
13.86000061,#8-7_1uM_DEX,#8-7,1uM_DEX,2,0
-13.86000061,#8-7_1uM_DEX,#8-7,1uM_DEX,3,0
-13.57999992,#8-7_1uM_DEX,#8-7,1uM_DEX,3,0
-13.29999924,#8-7_1uM_DEX,#8-7,1uM_DEX,3,0
-13.02000046,#8-7_1uM_DEX,#8-7,1uM_DEX,3,0
-12.73999977,#8-7_1uM_DEX,#8-7,1uM_DEX,3,0
-12.46000004,#8-7_1uM_DEX,#8-7,1uM_DEX,3,0.003669455
-12.18000031,#8-7_1uM_DEX,#8-7,1uM_DEX,3,0.003669455
-11.89999962,#8-7_1uM_DEX,#8-7,1uM_DEX,3,0
-11.61999989,#8-7_1uM_DEX,#8-7,1uM_DEX,3,0.011008366
-11.34000015,#8-7_1uM_DEX,#8-7,1uM_DEX,3,0.007338911
-11.05999947,#8-7_1uM_DEX,#8-7,1uM_DEX,3,0.014677822
-10.78000069,#8-7_1uM_DEX,#8-7,1uM_DEX,3,0.029355644
-10.5,#8-7_1uM_DEX,#8-7,1uM_DEX,3,0.022016733
-10.21999931,#8-7_1uM_DEX,#8-7,1uM_DEX,3,0.069719654
-9.940000534,#8-7_1uM_DEX,#8-7,1uM_DEX,3,0.095405842
-9.659999847,#8-7_1uM_DEX,#8-7,1uM_DEX,3,0.099075297
-9.380000114,#8-7_1uM_DEX,#8-7,1uM_DEX,3,0.117422574
-9.100000381,#8-7_1uM_DEX,#8-7,1uM_DEX,3,0.198150594
-8.819999695,#8-7_1uM_DEX,#8-7,1uM_DEX,3,0.253192426
-8.539999962,#8-7_1uM_DEX,#8-7,1uM_DEX,3,0.260531337
-8.260000229,#8-7_1uM_DEX,#8-7,1uM_DEX,3,0.366945545
-7.980000019,#8-7_1uM_DEX,#8-7,1uM_DEX,3,0.352267723
-7.699999809,#8-7_1uM_DEX,#8-7,1uM_DEX,3,0.466020843
-7.420000076,#8-7_1uM_DEX,#8-7,1uM_DEX,3,0.517393219
-7.140000343,#8-7_1uM_DEX,#8-7,1uM_DEX,3,0.594451783
-6.859999657,#8-7_1uM_DEX,#8-7,1uM_DEX,3,0.594451783
-6.579999924,#8-7_1uM_DEX,#8-7,1uM_DEX,3,0.796271833
-6.300000191,#8-7_1uM_DEX,#8-7,1uM_DEX,3,0.752238368
-6.019999981,#8-7_1uM_DEX,#8-7,1uM_DEX,3,0.865991487
-5.739999771,#8-7_1uM_DEX,#8-7,1uM_DEX,3,0.818288566
-5.460000038,#8-7_1uM_DEX,#8-7,1uM_DEX,3,0.832966388
-5.180000305,#8-7_1uM_DEX,#8-7,1uM_DEX,3,0.96873624
-4.900000095,#8-7_1uM_DEX,#8-7,1uM_DEX,3,1.067811537
-4.619999886,#8-7_1uM_DEX,#8-7,1uM_DEX,3,1.144870101
-4.340000153,#8-7_1uM_DEX,#8-7,1uM_DEX,3,1.133861735
-4.059999943,#8-7_1uM_DEX,#8-7,1uM_DEX,3,1.203581389
-3.78000021,#8-7_1uM_DEX,#8-7,1uM_DEX,3,1.225598121
-3.5,#8-7_1uM_DEX,#8-7,1uM_DEX,3,1.376045795
-3.21999979,#8-7_1uM_DEX,#8-7,1uM_DEX,3,1.684280053
-2.940000057,#8-7_1uM_DEX,#8-7,1uM_DEX,3,2.029208865
-2.659999847,#8-7_1uM_DEX,#8-7,1uM_DEX,3,2.649346837
-2.380000114,#8-7_1uM_DEX,#8-7,1uM_DEX,3,4.157493028
-2.099999905,#8-7_1uM_DEX,#8-7,1uM_DEX,3,5.621605754
-1.819999933,#8-7_1uM_DEX,#8-7,1uM_DEX,3,7.650814619
-1.539999962,#8-7_1uM_DEX,#8-7,1uM_DEX,3,8.733303978
-1.25999999,#8-7_1uM_DEX,#8-7,1uM_DEX,3,9.368119771
-0.980000019,#8-7_1uM_DEX,#8-7,1uM_DEX,3,8.685601057
-0.699999988,#8-7_1uM_DEX,#8-7,1uM_DEX,3,7.239835608
-0.420000017,#8-7_1uM_DEX,#8-7,1uM_DEX,3,5.485835902
-0.140000001,#8-7_1uM_DEX,#8-7,1uM_DEX,3,4.095112285
0.140000001,#8-7_1uM_DEX,#8-7,1uM_DEX,3,2.71172758
0.420000017,#8-7_1uM_DEX,#8-7,1uM_DEX,3,2.179656539
0.699999988,#8-7_1uM_DEX,#8-7,1uM_DEX,3,1.640246587
0.980000019,#8-7_1uM_DEX,#8-7,1uM_DEX,3,1.390723617
1.25999999,#8-7_1uM_DEX,#8-7,1uM_DEX,3,1.060472626
1.539999962,#8-7_1uM_DEX,#8-7,1uM_DEX,3,0.961397329
1.819999933,#8-7_1uM_DEX,#8-7,1uM_DEX,3,0.840305299
2.099999905,#8-7_1uM_DEX,#8-7,1uM_DEX,3,0.623807427
2.380000114,#8-7_1uM_DEX,#8-7,1uM_DEX,3,0.506384852
2.659999847,#8-7_1uM_DEX,#8-7,1uM_DEX,3,0.421987377
2.940000057,#8-7_1uM_DEX,#8-7,1uM_DEX,3,0.418317922
3.21999979,#8-7_1uM_DEX,#8-7,1uM_DEX,3,0.344928813
3.5,#8-7_1uM_DEX,#8-7,1uM_DEX,3,0.297225892
3.78000021,#8-7_1uM_DEX,#8-7,1uM_DEX,3,0.216497872
4.059999943,#8-7_1uM_DEX,#8-7,1uM_DEX,3,0.234845149
4.340000153,#8-7_1uM_DEX,#8-7,1uM_DEX,3,0.150447674
4.619999886,#8-7_1uM_DEX,#8-7,1uM_DEX,3,0.20182005
4.900000095,#8-7_1uM_DEX,#8-7,1uM_DEX,3,0.16145604
5.180000305,#8-7_1uM_DEX,#8-7,1uM_DEX,3,0.150447674
5.460000038,#8-7_1uM_DEX,#8-7,1uM_DEX,3,0.088066931
5.739999771,#8-7_1uM_DEX,#8-7,1uM_DEX,3,0.084397475
6.019999981,#8-7_1uM_DEX,#8-7,1uM_DEX,3,0.091736386
6.300000191,#8-7_1uM_DEX,#8-7,1uM_DEX,3,0.084397475
6.579999924,#8-7_1uM_DEX,#8-7,1uM_DEX,3,0.077058565
6.859999657,#8-7_1uM_DEX,#8-7,1uM_DEX,3,0.084397475
7.140000343,#8-7_1uM_DEX,#8-7,1uM_DEX,3,0.08072802
7.420000076,#8-7_1uM_DEX,#8-7,1uM_DEX,3,0.066050198
7.699999809,#8-7_1uM_DEX,#8-7,1uM_DEX,3,0.055041832
7.980000019,#8-7_1uM_DEX,#8-7,1uM_DEX,3,0.058711287
8.260000229,#8-7_1uM_DEX,#8-7,1uM_DEX,3,0.058711287
8.539999962,#8-7_1uM_DEX,#8-7,1uM_DEX,3,0.062380743
8.819999695,#8-7_1uM_DEX,#8-7,1uM_DEX,3,0.062380743
9.100000381,#8-7_1uM_DEX,#8-7,1uM_DEX,3,0.029355644
9.380000114,#8-7_1uM_DEX,#8-7,1uM_DEX,3,0.029355644
9.659999847,#8-7_1uM_DEX,#8-7,1uM_DEX,3,0.066050198
9.940000534,#8-7_1uM_DEX,#8-7,1uM_DEX,3,0.033025099
10.21999931,#8-7_1uM_DEX,#8-7,1uM_DEX,3,0.044033465
10.5,#8-7_1uM_DEX,#8-7,1uM_DEX,3,0.022016733
10.78000069,#8-7_1uM_DEX,#8-7,1uM_DEX,3,0.036694555
11.05999947,#8-7_1uM_DEX,#8-7,1uM_DEX,3,0.029355644
11.34000015,#8-7_1uM_DEX,#8-7,1uM_DEX,3,0.047702921
11.61999989,#8-7_1uM_DEX,#8-7,1uM_DEX,3,0.033025099
11.89999962,#8-7_1uM_DEX,#8-7,1uM_DEX,3,0.033025099
12.18000031,#8-7_1uM_DEX,#8-7,1uM_DEX,3,0.022016733
12.46000004,#8-7_1uM_DEX,#8-7,1uM_DEX,3,0.022016733
12.73999977,#8-7_1uM_DEX,#8-7,1uM_DEX,3,0.022016733
13.02000046,#8-7_1uM_DEX,#8-7,1uM_DEX,3,0.025686188
13.29999924,#8-7_1uM_DEX,#8-7,1uM_DEX,3,0.014677822
13.57999992,#8-7_1uM_DEX,#8-7,1uM_DEX,3,0.011008366
13.86000061,#8-7_1uM_DEX,#8-7,1uM_DEX,3,0.014677822
-13.86000061,#8-7_1uM_DEX,#8-7,1uM_DEX,4,0.004785605
-13.57999992,#8-7_1uM_DEX,#8-7,1uM_DEX,4,0.004785605
-13.29999924,#8-7_1uM_DEX,#8-7,1uM_DEX,4,0
-13.02000046,#8-7_1uM_DEX,#8-7,1uM_DEX,4,0
-12.73999977,#8-7_1uM_DEX,#8-7,1uM_DEX,4,0.004785605
-12.46000004,#8-7_1uM_DEX,#8-7,1uM_DEX,4,0.004785605
-12.18000031,#8-7_1uM_DEX,#8-7,1uM_DEX,4,0
-11.89999962,#8-7_1uM_DEX,#8-7,1uM_DEX,4,0.004785605
-11.61999989,#8-7_1uM_DEX,#8-7,1uM_DEX,4,0
-11.34000015,#8-7_1uM_DEX,#8-7,1uM_DEX,4,0.004785605
-11.05999947,#8-7_1uM_DEX,#8-7,1uM_DEX,4,0.004785605
-10.78000069,#8-7_1uM_DEX,#8-7,1uM_DEX,4,0
-10.5,#8-7_1uM_DEX,#8-7,1uM_DEX,4,0.00957121
-10.21999931,#8-7_1uM_DEX,#8-7,1uM_DEX,4,0.01914242
-9.940000534,#8-7_1uM_DEX,#8-7,1uM_DEX,4,0.033499234
-9.659999847,#8-7_1uM_DEX,#8-7,1uM_DEX,4,0.028713629
-9.380000114,#8-7_1uM_DEX,#8-7,1uM_DEX,4,0.038284839
-9.100000381,#8-7_1uM_DEX,#8-7,1uM_DEX,4,0.090926493
-8.819999695,#8-7_1uM_DEX,#8-7,1uM_DEX,4,0.095712098
-8.539999962,#8-7_1uM_DEX,#8-7,1uM_DEX,4,0.186638591
-8.260000229,#8-7_1uM_DEX,#8-7,1uM_DEX,4,0.24406585
-7.980000019,#8-7_1uM_DEX,#8-7,1uM_DEX,4,0.24406585
-7.699999809,#8-7_1uM_DEX,#8-7,1uM_DEX,4,0.277565084
-7.420000076,#8-7_1uM_DEX,#8-7,1uM_DEX,4,0.464203675
-7.140000343,#8-7_1uM_DEX,#8-7,1uM_DEX,4,0.454632466
-6.859999657,#8-7_1uM_DEX,#8-7,1uM_DEX,4,0.49770291
-6.579999924,#8-7_1uM_DEX,#8-7,1uM_DEX,4,0.569486983
-6.300000191,#8-7_1uM_DEX,#8-7,1uM_DEX,4,0.909264931
-6.019999981,#8-7_1uM_DEX,#8-7,1uM_DEX,4,0.875765697
-5.739999771,#8-7_1uM_DEX,#8-7,1uM_DEX,4,1.076761103
-5.460000038,#8-7_1uM_DEX,#8-7,1uM_DEX,4,1.143759571
-5.180000305,#8-7_1uM_DEX,#8-7,1uM_DEX,4,1.100689127
-4.900000095,#8-7_1uM_DEX,#8-7,1uM_DEX,4,1.186830015
-4.619999886,#8-7_1uM_DEX,#8-7,1uM_DEX,4,1.349540582
-4.340000153,#8-7_1uM_DEX,#8-7,1uM_DEX,4,1.521822358
-4.059999943,#8-7_1uM_DEX,#8-7,1uM_DEX,4,1.44525268
-3.78000021,#8-7_1uM_DEX,#8-7,1uM_DEX,4,1.536179173
-3.5,#8-7_1uM_DEX,#8-7,1uM_DEX,4,1.91424196
-3.21999979,#8-7_1uM_DEX,#8-7,1uM_DEX,4,2.043453292
-2.940000057,#8-7_1uM_DEX,#8-7,1uM_DEX,4,2.029096478
-2.659999847,#8-7_1uM_DEX,#8-7,1uM_DEX,4,2.445444104
-2.380000114,#8-7_1uM_DEX,#8-7,1uM_DEX,4,2.88093415
-2.099999905,#8-7_1uM_DEX,#8-7,1uM_DEX,4,3.708843798
-1.819999933,#8-7_1uM_DEX,#8-7,1uM_DEX,4,4.536753446
-1.539999962,#8-7_1uM_DEX,#8-7,1uM_DEX,4,4.809532925
-1.25999999,#8-7_1uM_DEX,#8-7,1uM_DEX,4,5.623085758
-0.980000019,#8-7_1uM_DEX,#8-7,1uM_DEX,4,5.589586524
-0.699999988,#8-7_1uM_DEX,#8-7,1uM_DEX,4,5.331163859
-0.420000017,#8-7_1uM_DEX,#8-7,1uM_DEX,4,4.886102603
-0.140000001,#8-7_1uM_DEX,#8-7,1uM_DEX,4,4.417113323
0.140000001,#8-7_1uM_DEX,#8-7,1uM_DEX,4,3.756699847
0.420000017,#8-7_1uM_DEX,#8-7,1uM_DEX,4,3.345137825
0.699999988,#8-7_1uM_DEX,#8-7,1uM_DEX,4,2.751722818
0.980000019,#8-7_1uM_DEX,#8-7,1uM_DEX,4,2.41194487
1.25999999,#8-7_1uM_DEX,#8-7,1uM_DEX,4,2.153522205
1.539999962,#8-7_1uM_DEX,#8-7,1uM_DEX,4,2.17745023
1.819999933,#8-7_1uM_DEX,#8-7,1uM_DEX,4,1.751531394
2.099999905,#8-7_1uM_DEX,#8-7,1uM_DEX,4,1.631891271
2.380000114,#8-7_1uM_DEX,#8-7,1uM_DEX,4,1.488323124
2.659999847,#8-7_1uM_DEX,#8-7,1uM_DEX,4,1.363897397
2.940000057,#8-7_1uM_DEX,#8-7,1uM_DEX,4,1.119831547
3.21999979,#8-7_1uM_DEX,#8-7,1uM_DEX,4,1.009762634
3.5,#8-7_1uM_DEX,#8-7,1uM_DEX,4,0.803981623
3.78000021,#8-7_1uM_DEX,#8-7,1uM_DEX,4,0.760911179
4.059999943,#8-7_1uM_DEX,#8-7,1uM_DEX,4,0.631699847
4.340000153,#8-7_1uM_DEX,#8-7,1uM_DEX,4,0.588629403
4.619999886,#8-7_1uM_DEX,#8-7,1uM_DEX,4,0.569486983
4.900000095,#8-7_1uM_DEX,#8-7,1uM_DEX,4,0.411562021
5.180000305,#8-7_1uM_DEX,#8-7,1uM_DEX,4,0.401990812
5.460000038,#8-7_1uM_DEX,#8-7,1uM_DEX,4,0.368491577
5.739999771,#8-7_1uM_DEX,#8-7,1uM_DEX,4,0.339777948
6.019999981,#8-7_1uM_DEX,#8-7,1uM_DEX,4,0.311064319
6.300000191,#8-7_1uM_DEX,#8-7,1uM_DEX,4,0.25363706
6.579999924,#8-7_1uM_DEX,#8-7,1uM_DEX,4,0.25363706
6.859999657,#8-7_1uM_DEX,#8-7,1uM_DEX,4,0.205781011
7.140000343,#8-7_1uM_DEX,#8-7,1uM_DEX,4,0.205781011
7.420000076,#8-7_1uM_DEX,#8-7,1uM_DEX,4,0.167496172
7.699999809,#8-7_1uM_DEX,#8-7,1uM_DEX,4,0.181852986
7.980000019,#8-7_1uM_DEX,#8-7,1uM_DEX,4,0.162710567
8.260000229,#8-7_1uM_DEX,#8-7,1uM_DEX,4,0.167496172
8.539999962,#8-7_1uM_DEX,#8-7,1uM_DEX,4,0.153139357
8.819999695,#8-7_1uM_DEX,#8-7,1uM_DEX,4,0.133996937
9.100000381,#8-7_1uM_DEX,#8-7,1uM_DEX,4,0.143568147
9.380000114,#8-7_1uM_DEX,#8-7,1uM_DEX,4,0.105283308
9.659999847,#8-7_1uM_DEX,#8-7,1uM_DEX,4,0.047856049
9.940000534,#8-7_1uM_DEX,#8-7,1uM_DEX,4,0.129211332
10.21999931,#8-7_1uM_DEX,#8-7,1uM_DEX,4,0.157924962
10.5,#8-7_1uM_DEX,#8-7,1uM_DEX,4,0.105283308
10.78000069,#8-7_1uM_DEX,#8-7,1uM_DEX,4,0.071784074
11.05999947,#8-7_1uM_DEX,#8-7,1uM_DEX,4,0.090926493
11.34000015,#8-7_1uM_DEX,#8-7,1uM_DEX,4,0.038284839
11.61999989,#8-7_1uM_DEX,#8-7,1uM_DEX,4,0.047856049
11.89999962,#8-7_1uM_DEX,#8-7,1uM_DEX,4,0.071784074
12.18000031,#8-7_1uM_DEX,#8-7,1uM_DEX,4,0.052641654
12.46000004,#8-7_1uM_DEX,#8-7,1uM_DEX,4,0.047856049
12.73999977,#8-7_1uM_DEX,#8-7,1uM_DEX,4,0.052641654
13.02000046,#8-7_1uM_DEX,#8-7,1uM_DEX,4,0.071784074
13.29999924,#8-7_1uM_DEX,#8-7,1uM_DEX,4,0.052641654
13.57999992,#8-7_1uM_DEX,#8-7,1uM_DEX,4,0.033499234
13.86000061,#8-7_1uM_DEX,#8-7,1uM_DEX,4,0.057427259
-13.86000061,#6-7_1uM_DEX,#6-7,1uM_DEX,1,0
-13.57999992,#6-7_1uM_DEX,#6-7,1uM_DEX,1,0
-13.29999924,#6-7_1uM_DEX,#6-7,1uM_DEX,1,0
-13.02000046,#6-7_1uM_DEX,#6-7,1uM_DEX,1,0
-12.73999977,#6-7_1uM_DEX,#6-7,1uM_DEX,1,0
-12.46000004,#6-7_1uM_DEX,#6-7,1uM_DEX,1,0
-12.18000031,#6-7_1uM_DEX,#6-7,1uM_DEX,1,0
-11.89999962,#6-7_1uM_DEX,#6-7,1uM_DEX,1,0.008738458
-11.61999989,#6-7_1uM_DEX,#6-7,1uM_DEX,1,0
-11.34000015,#6-7_1uM_DEX,#6-7,1uM_DEX,1,0.011651277
-11.05999947,#6-7_1uM_DEX,#6-7,1uM_DEX,1,0.014564097
-10.78000069,#6-7_1uM_DEX,#6-7,1uM_DEX,1,0.014564097
-10.5,#6-7_1uM_DEX,#6-7,1uM_DEX,1,0.017476916
-10.21999931,#6-7_1uM_DEX,#6-7,1uM_DEX,1,0.023302555
-9.940000534,#6-7_1uM_DEX,#6-7,1uM_DEX,1,0.081558941
-9.659999847,#6-7_1uM_DEX,#6-7,1uM_DEX,1,0.125251231
-9.380000114,#6-7_1uM_DEX,#6-7,1uM_DEX,1,0.133989689
-9.100000381,#6-7_1uM_DEX,#6-7,1uM_DEX,1,0.203897352
-8.819999695,#6-7_1uM_DEX,#6-7,1uM_DEX,1,0.320410125
-8.539999962,#6-7_1uM_DEX,#6-7,1uM_DEX,1,0.442748536
-8.260000229,#6-7_1uM_DEX,#6-7,1uM_DEX,1,0.492266465
-7.980000019,#6-7_1uM_DEX,#6-7,1uM_DEX,1,0.544697212
-7.699999809,#6-7_1uM_DEX,#6-7,1uM_DEX,1,0.745681745
-7.420000076,#6-7_1uM_DEX,#6-7,1uM_DEX,1,0.806850951
-7.140000343,#6-7_1uM_DEX,#6-7,1uM_DEX,1,0.946666278
-6.859999657,#6-7_1uM_DEX,#6-7,1uM_DEX,1,1.092307244
-6.579999924,#6-7_1uM_DEX,#6-7,1uM_DEX,1,1.013661123
-6.300000191,#6-7_1uM_DEX,#6-7,1uM_DEX,1,1.19716874
-6.019999981,#6-7_1uM_DEX,#6-7,1uM_DEX,1,1.255425126
-5.739999771,#6-7_1uM_DEX,#6-7,1uM_DEX,1,1.249599487
-5.460000038,#6-7_1uM_DEX,#6-7,1uM_DEX,1,1.313681512
-5.180000305,#6-7_1uM_DEX,#6-7,1uM_DEX,1,1.351548163
-4.900000095,#6-7_1uM_DEX,#6-7,1uM_DEX,1,1.328245609
-4.619999886,#6-7_1uM_DEX,#6-7,1uM_DEX,1,1.32533279
-4.340000153,#6-7_1uM_DEX,#6-7,1uM_DEX,1,1.304943054
-4.059999943,#6-7_1uM_DEX,#6-7,1uM_DEX,1,1.406891731
-3.78000021,#6-7_1uM_DEX,#6-7,1uM_DEX,1,1.223384113
-3.5,#6-7_1uM_DEX,#6-7,1uM_DEX,1,1.508840407
-3.21999979,#6-7_1uM_DEX,#6-7,1uM_DEX,1,1.610789083
-2.940000057,#6-7_1uM_DEX,#6-7,1uM_DEX,1,2.269086249
-2.659999847,#6-7_1uM_DEX,#6-7,1uM_DEX,1,3.070111561
-2.380000114,#6-7_1uM_DEX,#6-7,1uM_DEX,1,4.328449506
-2.099999905,#6-7_1uM_DEX,#6-7,1uM_DEX,1,5.455710582
-1.819999933,#6-7_1uM_DEX,#6-7,1uM_DEX,1,6.813084384
-1.539999962,#6-7_1uM_DEX,#6-7,1uM_DEX,1,7.934519822
-1.25999999,#6-7_1uM_DEX,#6-7,1uM_DEX,1,8.592816988
-0.980000019,#6-7_1uM_DEX,#6-7,1uM_DEX,1,8.467565757
-0.699999988,#6-7_1uM_DEX,#6-7,1uM_DEX,1,6.912120241
-0.420000017,#6-7_1uM_DEX,#6-7,1uM_DEX,1,4.683813463
-0.140000001,#6-7_1uM_DEX,#6-7,1uM_DEX,1,3.390521686
0.140000001,#6-7_1uM_DEX,#6-7,1uM_DEX,1,2.554542542
0.420000017,#6-7_1uM_DEX,#6-7,1uM_DEX,1,2.161311934
0.699999988,#6-7_1uM_DEX,#6-7,1uM_DEX,1,1.631178818
0.980000019,#6-7_1uM_DEX,#6-7,1uM_DEX,1,1.339896886
1.25999999,#6-7_1uM_DEX,#6-7,1uM_DEX,1,1.10978416
1.539999962,#6-7_1uM_DEX,#6-7,1uM_DEX,1,0.798112493
1.819999933,#6-7_1uM_DEX,#6-7,1uM_DEX,1,0.675774082
2.099999905,#6-7_1uM_DEX,#6-7,1uM_DEX,1,0.535958754
2.380000114,#6-7_1uM_DEX,#6-7,1uM_DEX,1,0.355363957
2.659999847,#6-7_1uM_DEX,#6-7,1uM_DEX,1,0.270892197
2.940000057,#6-7_1uM_DEX,#6-7,1uM_DEX,1,0.282543474
3.21999979,#6-7_1uM_DEX,#6-7,1uM_DEX,1,0.244676823
3.5,#6-7_1uM_DEX,#6-7,1uM_DEX,1,0.174769159
3.78000021,#6-7_1uM_DEX,#6-7,1uM_DEX,1,0.177681978
4.059999943,#6-7_1uM_DEX,#6-7,1uM_DEX,1,0.125251231
4.340000153,#6-7_1uM_DEX,#6-7,1uM_DEX,1,0.116512773
4.619999886,#6-7_1uM_DEX,#6-7,1uM_DEX,1,0.160205062
4.900000095,#6-7_1uM_DEX,#6-7,1uM_DEX,1,0.133989689
5.180000305,#6-7_1uM_DEX,#6-7,1uM_DEX,1,0.113599953
5.460000038,#6-7_1uM_DEX,#6-7,1uM_DEX,1,0.096123037
5.739999771,#6-7_1uM_DEX,#6-7,1uM_DEX,1,0.08738458
6.019999981,#6-7_1uM_DEX,#6-7,1uM_DEX,1,0.066994844
6.300000191,#6-7_1uM_DEX,#6-7,1uM_DEX,1,0.066994844
6.579999924,#6-7_1uM_DEX,#6-7,1uM_DEX,1,0.046605109
6.859999657,#6-7_1uM_DEX,#6-7,1uM_DEX,1,0.046605109
7.140000343,#6-7_1uM_DEX,#6-7,1uM_DEX,1,0.058256386
7.420000076,#6-7_1uM_DEX,#6-7,1uM_DEX,1,0.029128193
7.699999809,#6-7_1uM_DEX,#6-7,1uM_DEX,1,0.04077947
7.980000019,#6-7_1uM_DEX,#6-7,1uM_DEX,1,0.04369229
8.260000229,#6-7_1uM_DEX,#6-7,1uM_DEX,1,0.034953832
8.539999962,#6-7_1uM_DEX,#6-7,1uM_DEX,1,0.052430748
8.819999695,#6-7_1uM_DEX,#6-7,1uM_DEX,1,0.04077947
9.100000381,#6-7_1uM_DEX,#6-7,1uM_DEX,1,0.029128193
9.380000114,#6-7_1uM_DEX,#6-7,1uM_DEX,1,0.032041012
9.659999847,#6-7_1uM_DEX,#6-7,1uM_DEX,1,0.020389735
9.940000534,#6-7_1uM_DEX,#6-7,1uM_DEX,1,0.020389735
10.21999931,#6-7_1uM_DEX,#6-7,1uM_DEX,1,0.026215374
10.5,#6-7_1uM_DEX,#6-7,1uM_DEX,1,0.037866651
10.78000069,#6-7_1uM_DEX,#6-7,1uM_DEX,1,0.020389735
11.05999947,#6-7_1uM_DEX,#6-7,1uM_DEX,1,0.032041012
11.34000015,#6-7_1uM_DEX,#6-7,1uM_DEX,1,0.026215374
11.61999989,#6-7_1uM_DEX,#6-7,1uM_DEX,1,0.032041012
11.89999962,#6-7_1uM_DEX,#6-7,1uM_DEX,1,0.032041012
12.18000031,#6-7_1uM_DEX,#6-7,1uM_DEX,1,0.023302555
12.46000004,#6-7_1uM_DEX,#6-7,1uM_DEX,1,0.026215374
12.73999977,#6-7_1uM_DEX,#6-7,1uM_DEX,1,0.023302555
13.02000046,#6-7_1uM_DEX,#6-7,1uM_DEX,1,0.005825639
13.29999924,#6-7_1uM_DEX,#6-7,1uM_DEX,1,0.023302555
13.57999992,#6-7_1uM_DEX,#6-7,1uM_DEX,1,0.032041012
13.86000061,#6-7_1uM_DEX,#6-7,1uM_DEX,1,0.026215374
-13.86000061,#6-7_1uM_DEX,#6-7,1uM_DEX,2,0.008580745
-13.57999992,#6-7_1uM_DEX,#6-7,1uM_DEX,2,0.008580745
-13.29999924,#6-7_1uM_DEX,#6-7,1uM_DEX,2,0.004290372
-13.02000046,#6-7_1uM_DEX,#6-7,1uM_DEX,2,0.008580745
-12.73999977,#6-7_1uM_DEX,#6-7,1uM_DEX,2,0.004290372
-12.46000004,#6-7_1uM_DEX,#6-7,1uM_DEX,2,0.021451862
-12.18000031,#6-7_1uM_DEX,#6-7,1uM_DEX,2,0.01716149
-11.89999962,#6-7_1uM_DEX,#6-7,1uM_DEX,2,0.025742234
-11.61999989,#6-7_1uM_DEX,#6-7,1uM_DEX,2,0.055774841
-11.34000015,#6-7_1uM_DEX,#6-7,1uM_DEX,2,0.051484469
-11.05999947,#6-7_1uM_DEX,#6-7,1uM_DEX,2,0.042903724
-10.78000069,#6-7_1uM_DEX,#6-7,1uM_DEX,2,0.102968938
-10.5,#6-7_1uM_DEX,#6-7,1uM_DEX,2,0.064355586
-10.21999931,#6-7_1uM_DEX,#6-7,1uM_DEX,2,0.158743779
-9.940000534,#6-7_1uM_DEX,#6-7,1uM_DEX,2,0.188776386
-9.659999847,#6-7_1uM_DEX,#6-7,1uM_DEX,2,0.257422344
-9.380000114,#6-7_1uM_DEX,#6-7,1uM_DEX,2,0.205937875
-9.100000381,#6-7_1uM_DEX,#6-7,1uM_DEX,2,0.317487558
-8.819999695,#6-7_1uM_DEX,#6-7,1uM_DEX,2,0.373262399
-8.539999962,#6-7_1uM_DEX,#6-7,1uM_DEX,2,0.373262399
-8.260000229,#6-7_1uM_DEX,#6-7,1uM_DEX,2,0.484812082
-7.980000019,#6-7_1uM_DEX,#6-7,1uM_DEX,2,0.437617985
-7.699999809,#6-7_1uM_DEX,#6-7,1uM_DEX,2,0.532006178
-7.420000076,#6-7_1uM_DEX,#6-7,1uM_DEX,2,0.609232881
-7.140000343,#6-7_1uM_DEX,#6-7,1uM_DEX,2,0.592071392
-6.859999657,#6-7_1uM_DEX,#6-7,1uM_DEX,2,0.652136605
-6.579999924,#6-7_1uM_DEX,#6-7,1uM_DEX,2,0.622103999
-6.300000191,#6-7_1uM_DEX,#6-7,1uM_DEX,2,0.750815171
-6.019999981,#6-7_1uM_DEX,#6-7,1uM_DEX,2,0.703621074
-5.739999771,#6-7_1uM_DEX,#6-7,1uM_DEX,2,0.840912991
-5.460000038,#6-7_1uM_DEX,#6-7,1uM_DEX,2,0.823751502
-5.180000305,#6-7_1uM_DEX,#6-7,1uM_DEX,2,0.815170757
-4.900000095,#6-7_1uM_DEX,#6-7,1uM_DEX,2,0.922430067
-4.619999886,#6-7_1uM_DEX,#6-7,1uM_DEX,2,0.922430067
-4.340000153,#6-7_1uM_DEX,#6-7,1uM_DEX,2,0.853784108
-4.059999943,#6-7_1uM_DEX,#6-7,1uM_DEX,2,0.926720439
-3.78000021,#6-7_1uM_DEX,#6-7,1uM_DEX,2,1.188433156
-3.5,#6-7_1uM_DEX,#6-7,1uM_DEX,2,1.690406727
-3.21999979,#6-7_1uM_DEX,#6-7,1uM_DEX,2,2.329672216
-2.940000057,#6-7_1uM_DEX,#6-7,1uM_DEX,2,3.011841428
-2.659999847,#6-7_1uM_DEX,#6-7,1uM_DEX,2,4.195984211
-2.380000114,#6-7_1uM_DEX,#6-7,1uM_DEX,2,5.508838167
-2.099999905,#6-7_1uM_DEX,#6-7,1uM_DEX,2,7.349407929
-1.819999933,#6-7_1uM_DEX,#6-7,1uM_DEX,2,8.559292947
-1.539999962,#6-7_1uM_DEX,#6-7,1uM_DEX,2,10.01372919
-1.25999999,#6-7_1uM_DEX,#6-7,1uM_DEX,2,10.30118414
-0.980000019,#6-7_1uM_DEX,#6-7,1uM_DEX,2,9.18997769
-0.699999988,#6-7_1uM_DEX,#6-7,1uM_DEX,2,6.255362966
-0.420000017,#6-7_1uM_DEX,#6-7,1uM_DEX,2,3.543847606
-0.140000001,#6-7_1uM_DEX,#6-7,1uM_DEX,2,2.321091471
0.140000001,#6-7_1uM_DEX,#6-7,1uM_DEX,2,1.557405183
0.420000017,#6-7_1uM_DEX,#6-7,1uM_DEX,2,1.145529432
0.699999988,#6-7_1uM_DEX,#6-7,1uM_DEX,2,1.072593101
0.980000019,#6-7_1uM_DEX,#6-7,1uM_DEX,2,0.737944054
1.25999999,#6-7_1uM_DEX,#6-7,1uM_DEX,2,0.712201819
1.539999962,#6-7_1uM_DEX,#6-7,1uM_DEX,2,0.686459585
1.819999933,#6-7_1uM_DEX,#6-7,1uM_DEX,2,0.441908358
2.099999905,#6-7_1uM_DEX,#6-7,1uM_DEX,2,0.44619873
2.380000114,#6-7_1uM_DEX,#6-7,1uM_DEX,2,0.394714261
2.659999847,#6-7_1uM_DEX,#6-7,1uM_DEX,2,0.368972027
2.940000057,#6-7_1uM_DEX,#6-7,1uM_DEX,2,0.266003089
3.21999979,#6-7_1uM_DEX,#6-7,1uM_DEX,2,0.244551227
3.5,#6-7_1uM_DEX,#6-7,1uM_DEX,2,0.205937875
3.78000021,#6-7_1uM_DEX,#6-7,1uM_DEX,2,0.23168011
4.059999943,#6-7_1uM_DEX,#6-7,1uM_DEX,2,0.167324524
4.340000153,#6-7_1uM_DEX,#6-7,1uM_DEX,2,0.150163034
4.619999886,#6-7_1uM_DEX,#6-7,1uM_DEX,2,0.197357131
4.900000095,#6-7_1uM_DEX,#6-7,1uM_DEX,2,0.158743779
5.180000305,#6-7_1uM_DEX,#6-7,1uM_DEX,2,0.120130427
5.460000038,#6-7_1uM_DEX,#6-7,1uM_DEX,2,0.115840055
5.739999771,#6-7_1uM_DEX,#6-7,1uM_DEX,2,0.081517076
6.019999981,#6-7_1uM_DEX,#6-7,1uM_DEX,2,0.102968938
6.300000191,#6-7_1uM_DEX,#6-7,1uM_DEX,2,0.102968938
6.579999924,#6-7_1uM_DEX,#6-7,1uM_DEX,2,0.085807448
6.859999657,#6-7_1uM_DEX,#6-7,1uM_DEX,2,0.038613352
7.140000343,#6-7_1uM_DEX,#6-7,1uM_DEX,2,0.064355586
7.420000076,#6-7_1uM_DEX,#6-7,1uM_DEX,2,0.068645958
7.699999809,#6-7_1uM_DEX,#6-7,1uM_DEX,2,0.051484469
7.980000019,#6-7_1uM_DEX,#6-7,1uM_DEX,2,0.055774841
8.260000229,#6-7_1uM_DEX,#6-7,1uM_DEX,2,0.055774841
8.539999962,#6-7_1uM_DEX,#6-7,1uM_DEX,2,0.042903724
8.819999695,#6-7_1uM_DEX,#6-7,1uM_DEX,2,0.030032607
9.100000381,#6-7_1uM_DEX,#6-7,1uM_DEX,2,0.034322979
9.380000114,#6-7_1uM_DEX,#6-7,1uM_DEX,2,0.012871117
9.659999847,#6-7_1uM_DEX,#6-7,1uM_DEX,2,0.021451862
9.940000534,#6-7_1uM_DEX,#6-7,1uM_DEX,2,0.012871117
10.21999931,#6-7_1uM_DEX,#6-7,1uM_DEX,2,0.01716149
10.5,#6-7_1uM_DEX,#6-7,1uM_DEX,2,0.025742234
10.78000069,#6-7_1uM_DEX,#6-7,1uM_DEX,2,0.021451862
11.05999947,#6-7_1uM_DEX,#6-7,1uM_DEX,2,0.012871117
11.34000015,#6-7_1uM_DEX,#6-7,1uM_DEX,2,0.01716149
11.61999989,#6-7_1uM_DEX,#6-7,1uM_DEX,2,0.012871117
11.89999962,#6-7_1uM_DEX,#6-7,1uM_DEX,2,0.021451862
12.18000031,#6-7_1uM_DEX,#6-7,1uM_DEX,2,0.008580745
12.46000004,#6-7_1uM_DEX,#6-7,1uM_DEX,2,0.012871117
12.73999977,#6-7_1uM_DEX,#6-7,1uM_DEX,2,0.01716149
13.02000046,#6-7_1uM_DEX,#6-7,1uM_DEX,2,0.008580745
13.29999924,#6-7_1uM_DEX,#6-7,1uM_DEX,2,0.008580745
13.57999992,#6-7_1uM_DEX,#6-7,1uM_DEX,2,0.004290372
13.86000061,#6-7_1uM_DEX,#6-7,1uM_DEX,2,0.004290372
-13.86000061,#6-7_1uM_DEX,#6-7,1uM_DEX,3,0.002663187
-13.57999992,#6-7_1uM_DEX,#6-7,1uM_DEX,3,0.002663187
-13.29999924,#6-7_1uM_DEX,#6-7,1uM_DEX,3,0
-13.02000046,#6-7_1uM_DEX,#6-7,1uM_DEX,3,0
-12.73999977,#6-7_1uM_DEX,#6-7,1uM_DEX,3,0.002663187
-12.46000004,#6-7_1uM_DEX,#6-7,1uM_DEX,3,0.010652747
-12.18000031,#6-7_1uM_DEX,#6-7,1uM_DEX,3,0.002663187
-11.89999962,#6-7_1uM_DEX,#6-7,1uM_DEX,3,0.015979121
-11.61999989,#6-7_1uM_DEX,#6-7,1uM_DEX,3,0.010652747
-11.34000015,#6-7_1uM_DEX,#6-7,1uM_DEX,3,0.023968681
-11.05999947,#6-7_1uM_DEX,#6-7,1uM_DEX,3,0.053263735
-10.78000069,#6-7_1uM_DEX,#6-7,1uM_DEX,3,0.07456923
-10.5,#6-7_1uM_DEX,#6-7,1uM_DEX,3,0.09054835
-10.21999931,#6-7_1uM_DEX,#6-7,1uM_DEX,3,0.122506591
-9.940000534,#6-7_1uM_DEX,#6-7,1uM_DEX,3,0.159791206
-9.659999847,#6-7_1uM_DEX,#6-7,1uM_DEX,3,0.234360436
-9.380000114,#6-7_1uM_DEX,#6-7,1uM_DEX,3,0.351540654
-9.100000381,#6-7_1uM_DEX,#6-7,1uM_DEX,3,0.410130762
-8.819999695,#6-7_1uM_DEX,#6-7,1uM_DEX,3,0.447415377
-8.539999962,#6-7_1uM_DEX,#6-7,1uM_DEX,3,0.471384058
-8.260000229,#6-7_1uM_DEX,#6-7,1uM_DEX,3,0.591227463
-7.980000019,#6-7_1uM_DEX,#6-7,1uM_DEX,3,0.561932408
-7.699999809,#6-7_1uM_DEX,#6-7,1uM_DEX,3,0.596553836
-7.420000076,#6-7_1uM_DEX,#6-7,1uM_DEX,3,0.721723614
-7.140000343,#6-7_1uM_DEX,#6-7,1uM_DEX,3,0.729713175
-6.859999657,#6-7_1uM_DEX,#6-7,1uM_DEX,3,0.780313723
-6.579999924,#6-7_1uM_DEX,#6-7,1uM_DEX,3,0.812271965
-6.300000191,#6-7_1uM_DEX,#6-7,1uM_DEX,3,0.796292844
-6.019999981,#6-7_1uM_DEX,#6-7,1uM_DEX,3,0.841567019
-5.739999771,#6-7_1uM_DEX,#6-7,1uM_DEX,3,0.844230206
-5.460000038,#6-7_1uM_DEX,#6-7,1uM_DEX,3,0.908146688
-5.180000305,#6-7_1uM_DEX,#6-7,1uM_DEX,3,0.902820315
-4.900000095,#6-7_1uM_DEX,#6-7,1uM_DEX,3,0.937441743
-4.619999886,#6-7_1uM_DEX,#6-7,1uM_DEX,3,1.025326906
-4.340000153,#6-7_1uM_DEX,#6-7,1uM_DEX,3,0.993368665
-4.059999943,#6-7_1uM_DEX,#6-7,1uM_DEX,3,1.051958774
-3.78000021,#6-7_1uM_DEX,#6-7,1uM_DEX,3,1.350235692
-3.5,#6-7_1uM_DEX,#6-7,1uM_DEX,3,1.637859863
-3.21999979,#6-7_1uM_DEX,#6-7,1uM_DEX,3,2.42349996
-2.940000057,#6-7_1uM_DEX,#6-7,1uM_DEX,3,3.621934006
-2.659999847,#6-7_1uM_DEX,#6-7,1uM_DEX,3,4.772430691
-2.380000114,#6-7_1uM_DEX,#6-7,1uM_DEX,3,6.109350449
-2.099999905,#6-7_1uM_DEX,#6-7,1uM_DEX,3,7.496870756
-1.819999933,#6-7_1uM_DEX,#6-7,1uM_DEX,3,8.892380623
-1.539999962,#6-7_1uM_DEX,#6-7,1uM_DEX,3,9.973634451
-1.25999999,#6-7_1uM_DEX,#6-7,1uM_DEX,3,9.390396549
-0.980000019,#6-7_1uM_DEX,#6-7,1uM_DEX,3,7.821779541
-0.699999988,#6-7_1uM_DEX,#6-7,1uM_DEX,3,5.408932328
-0.420000017,#6-7_1uM_DEX,#6-7,1uM_DEX,3,3.006737863
-0.140000001,#6-7_1uM_DEX,#6-7,1uM_DEX,3,1.709765906
0.140000001,#6-7_1uM_DEX,#6-7,1uM_DEX,3,1.323603824
0.420000017,#6-7_1uM_DEX,#6-7,1uM_DEX,3,0.95608405
0.699999988,#6-7_1uM_DEX,#6-7,1uM_DEX,3,0.809608778
0.980000019,#6-7_1uM_DEX,#6-7,1uM_DEX,3,0.583237902
1.25999999,#6-7_1uM_DEX,#6-7,1uM_DEX,3,0.537963727
1.539999962,#6-7_1uM_DEX,#6-7,1uM_DEX,3,0.463394498
1.819999933,#6-7_1uM_DEX,#6-7,1uM_DEX,3,0.359530214
2.099999905,#6-7_1uM_DEX,#6-7,1uM_DEX,3,0.404804389
2.380000114,#6-7_1uM_DEX,#6-7,1uM_DEX,3,0.314256039
2.659999847,#6-7_1uM_DEX,#6-7,1uM_DEX,3,0.274308237
2.940000057,#6-7_1uM_DEX,#6-7,1uM_DEX,3,0.239686809
3.21999979,#6-7_1uM_DEX,#6-7,1uM_DEX,3,0.229034062
3.5,#6-7_1uM_DEX,#6-7,1uM_DEX,3,0.239686809
3.78000021,#6-7_1uM_DEX,#6-7,1uM_DEX,3,0.170443953
4.059999943,#6-7_1uM_DEX,#6-7,1uM_DEX,3,0.175770327
4.340000153,#6-7_1uM_DEX,#6-7,1uM_DEX,3,0.141148899
4.619999886,#6-7_1uM_DEX,#6-7,1uM_DEX,3,0.186423074
4.900000095,#6-7_1uM_DEX,#6-7,1uM_DEX,3,0.17310714
5.180000305,#6-7_1uM_DEX,#6-7,1uM_DEX,3,0.170443953
5.460000038,#6-7_1uM_DEX,#6-7,1uM_DEX,3,0.162454393
5.739999771,#6-7_1uM_DEX,#6-7,1uM_DEX,3,0.146475272
6.019999981,#6-7_1uM_DEX,#6-7,1uM_DEX,3,0.141148899
6.300000191,#6-7_1uM_DEX,#6-7,1uM_DEX,3,0.119843405
6.579999924,#6-7_1uM_DEX,#6-7,1uM_DEX,3,0.09054835
6.859999657,#6-7_1uM_DEX,#6-7,1uM_DEX,3,0.095874724
7.140000343,#6-7_1uM_DEX,#6-7,1uM_DEX,3,0.119843405
7.420000076,#6-7_1uM_DEX,#6-7,1uM_DEX,3,0.114517031
7.699999809,#6-7_1uM_DEX,#6-7,1uM_DEX,3,0.085221977
7.980000019,#6-7_1uM_DEX,#6-7,1uM_DEX,3,0.093211537
8.260000229,#6-7_1uM_DEX,#6-7,1uM_DEX,3,0.050600549
8.539999962,#6-7_1uM_DEX,#6-7,1uM_DEX,3,0.077232416
8.819999695,#6-7_1uM_DEX,#6-7,1uM_DEX,3,0.071906043
9.100000381,#6-7_1uM_DEX,#6-7,1uM_DEX,3,0.093211537
9.380000114,#6-7_1uM_DEX,#6-7,1uM_DEX,3,0.071906043
9.659999847,#6-7_1uM_DEX,#6-7,1uM_DEX,3,0.055926922
9.940000534,#6-7_1uM_DEX,#6-7,1uM_DEX,3,0.029295054
10.21999931,#6-7_1uM_DEX,#6-7,1uM_DEX,3,0.058590109
10.5,#6-7_1uM_DEX,#6-7,1uM_DEX,3,0.053263735
10.78000069,#6-7_1uM_DEX,#6-7,1uM_DEX,3,0.042610988
11.05999947,#6-7_1uM_DEX,#6-7,1uM_DEX,3,0.039947802
11.34000015,#6-7_1uM_DEX,#6-7,1uM_DEX,3,0.050600549
11.61999989,#6-7_1uM_DEX,#6-7,1uM_DEX,3,0.045274175
11.89999962,#6-7_1uM_DEX,#6-7,1uM_DEX,3,0.053263735
12.18000031,#6-7_1uM_DEX,#6-7,1uM_DEX,3,0.045274175
12.46000004,#6-7_1uM_DEX,#6-7,1uM_DEX,3,0.037284615
12.73999977,#6-7_1uM_DEX,#6-7,1uM_DEX,3,0.034621428
13.02000046,#6-7_1uM_DEX,#6-7,1uM_DEX,3,0.042610988
13.29999924,#6-7_1uM_DEX,#6-7,1uM_DEX,3,0.015979121
13.57999992,#6-7_1uM_DEX,#6-7,1uM_DEX,3,0.023968681
13.86000061,#6-7_1uM_DEX,#6-7,1uM_DEX,3,0.039947802
-13.86000061,#6-7_1uM_DEX,#6-7,1uM_DEX,4,0
-13.57999992,#6-7_1uM_DEX,#6-7,1uM_DEX,4,0.003664749
-13.29999924,#6-7_1uM_DEX,#6-7,1uM_DEX,4,0.003664749
-13.02000046,#6-7_1uM_DEX,#6-7,1uM_DEX,4,0
-12.73999977,#6-7_1uM_DEX,#6-7,1uM_DEX,4,0
-12.46000004,#6-7_1uM_DEX,#6-7,1uM_DEX,4,0.010994246
-12.18000031,#6-7_1uM_DEX,#6-7,1uM_DEX,4,0.010994246
-11.89999962,#6-7_1uM_DEX,#6-7,1uM_DEX,4,0.007329498
-11.61999989,#6-7_1uM_DEX,#6-7,1uM_DEX,4,0.018323744
-11.34000015,#6-7_1uM_DEX,#6-7,1uM_DEX,4,0.021988493
-11.05999947,#6-7_1uM_DEX,#6-7,1uM_DEX,4,0.02931799
-10.78000069,#6-7_1uM_DEX,#6-7,1uM_DEX,4,0.051306483
-10.5,#6-7_1uM_DEX,#6-7,1uM_DEX,4,0.043976985
-10.21999931,#6-7_1uM_DEX,#6-7,1uM_DEX,4,0.084289222
-9.940000534,#6-7_1uM_DEX,#6-7,1uM_DEX,4,0.102612966
-9.659999847,#6-7_1uM_DEX,#6-7,1uM_DEX,4,0.161248946
-9.380000114,#6-7_1uM_DEX,#6-7,1uM_DEX,4,0.238208671
-9.100000381,#6-7_1uM_DEX,#6-7,1uM_DEX,4,0.249202917
-8.819999695,#6-7_1uM_DEX,#6-7,1uM_DEX,4,0.285850405
-8.539999962,#6-7_1uM_DEX,#6-7,1uM_DEX,4,0.454428849
-8.260000229,#6-7_1uM_DEX,#6-7,1uM_DEX,4,0.564371312
-7.980000019,#6-7_1uM_DEX,#6-7,1uM_DEX,4,0.674313776
-7.699999809,#6-7_1uM_DEX,#6-7,1uM_DEX,4,0.714626012
-7.420000076,#6-7_1uM_DEX,#6-7,1uM_DEX,4,0.78059149
-7.140000343,#6-7_1uM_DEX,#6-7,1uM_DEX,4,0.923516693
-6.859999657,#6-7_1uM_DEX,#6-7,1uM_DEX,4,1.02246491
-6.579999924,#6-7_1uM_DEX,#6-7,1uM_DEX,4,1.249679334
-6.300000191,#6-7_1uM_DEX,#6-7,1uM_DEX,4,1.341298054
-6.019999981,#6-7_1uM_DEX,#6-7,1uM_DEX,4,1.429252025
-5.739999771,#6-7_1uM_DEX,#6-7,1uM_DEX,4,1.645472203
-5.460000038,#6-7_1uM_DEX,#6-7,1uM_DEX,4,1.740755671
-5.180000305,#6-7_1uM_DEX,#6-7,1uM_DEX,4,1.854362883
-4.900000095,#6-7_1uM_DEX,#6-7,1uM_DEX,4,1.77373841
-4.619999886,#6-7_1uM_DEX,#6-7,1uM_DEX,4,1.942316854
-4.340000153,#6-7_1uM_DEX,#6-7,1uM_DEX,4,2.04492982
-4.059999943,#6-7_1uM_DEX,#6-7,1uM_DEX,4,2.063253564
-3.78000021,#6-7_1uM_DEX,#6-7,1uM_DEX,4,2.052259318
-3.5,#6-7_1uM_DEX,#6-7,1uM_DEX,4,2.217173013
-3.21999979,#6-7_1uM_DEX,#6-7,1uM_DEX,4,2.76688533
-2.940000057,#6-7_1uM_DEX,#6-7,1uM_DEX,4,3.389892623
-2.659999847,#6-7_1uM_DEX,#6-7,1uM_DEX,4,4.544288489
-2.380000114,#6-7_1uM_DEX,#6-7,1uM_DEX,4,6.065159233
-2.099999905,#6-7_1uM_DEX,#6-7,1uM_DEX,4,6.838421226
-1.819999933,#6-7_1uM_DEX,#6-7,1uM_DEX,4,7.60801847
-1.539999962,#6-7_1uM_DEX,#6-7,1uM_DEX,4,7.014329168
-1.25999999,#6-7_1uM_DEX,#6-7,1uM_DEX,4,6.479275846
-0.980000019,#6-7_1uM_DEX,#6-7,1uM_DEX,4,5.126983545
-0.699999988,#6-7_1uM_DEX,#6-7,1uM_DEX,4,4.034888408
-0.420000017,#6-7_1uM_DEX,#6-7,1uM_DEX,4,2.953787518
-0.140000001,#6-7_1uM_DEX,#6-7,1uM_DEX,4,2.34543922
0.140000001,#6-7_1uM_DEX,#6-7,1uM_DEX,4,1.799391652
0.420000017,#6-7_1uM_DEX,#6-7,1uM_DEX,4,1.374280793
0.699999988,#6-7_1uM_DEX,#6-7,1uM_DEX,4,1.158060615
0.980000019,#6-7_1uM_DEX,#6-7,1uM_DEX,4,1.084765639
1.25999999,#6-7_1uM_DEX,#6-7,1uM_DEX,4,0.806244732
1.539999962,#6-7_1uM_DEX,#6-7,1uM_DEX,4,0.710961264
1.819999933,#6-7_1uM_DEX,#6-7,1uM_DEX,4,0.6010188
2.099999905,#6-7_1uM_DEX,#6-7,1uM_DEX,4,0.546047568
2.380000114,#6-7_1uM_DEX,#6-7,1uM_DEX,4,0.42144611
2.659999847,#6-7_1uM_DEX,#6-7,1uM_DEX,4,0.373804376
2.940000057,#6-7_1uM_DEX,#6-7,1uM_DEX,4,0.373804376
3.21999979,#6-7_1uM_DEX,#6-7,1uM_DEX,4,0.285850405
3.5,#6-7_1uM_DEX,#6-7,1uM_DEX,4,0.183237439
3.78000021,#6-7_1uM_DEX,#6-7,1uM_DEX,4,0.197896434
4.059999943,#6-7_1uM_DEX,#6-7,1uM_DEX,4,0.212555429
4.340000153,#6-7_1uM_DEX,#6-7,1uM_DEX,4,0.1502547
4.619999886,#6-7_1uM_DEX,#6-7,1uM_DEX,4,0.172243193
4.900000095,#6-7_1uM_DEX,#6-7,1uM_DEX,4,0.131930956
5.180000305,#6-7_1uM_DEX,#6-7,1uM_DEX,4,0.131930956
5.460000038,#6-7_1uM_DEX,#6-7,1uM_DEX,4,0.124601459
5.739999771,#6-7_1uM_DEX,#6-7,1uM_DEX,4,0.106277715
6.019999981,#6-7_1uM_DEX,#6-7,1uM_DEX,4,0.065965478
6.300000191,#6-7_1uM_DEX,#6-7,1uM_DEX,4,0.164913695
6.579999924,#6-7_1uM_DEX,#6-7,1uM_DEX,4,0.113607212
6.859999657,#6-7_1uM_DEX,#6-7,1uM_DEX,4,0.069630227
7.140000343,#6-7_1uM_DEX,#6-7,1uM_DEX,4,0.069630227
7.420000076,#6-7_1uM_DEX,#6-7,1uM_DEX,4,0.084289222
7.699999809,#6-7_1uM_DEX,#6-7,1uM_DEX,4,0.076959724
7.980000019,#6-7_1uM_DEX,#6-7,1uM_DEX,4,0.087953971
8.260000229,#6-7_1uM_DEX,#6-7,1uM_DEX,4,0.076959724
8.539999962,#6-7_1uM_DEX,#6-7,1uM_DEX,4,0.062300729
8.819999695,#6-7_1uM_DEX,#6-7,1uM_DEX,4,0.051306483
9.100000381,#6-7_1uM_DEX,#6-7,1uM_DEX,4,0.058635981
9.380000114,#6-7_1uM_DEX,#6-7,1uM_DEX,4,0.054971232
9.659999847,#6-7_1uM_DEX,#6-7,1uM_DEX,4,0.087953971
9.940000534,#6-7_1uM_DEX,#6-7,1uM_DEX,4,0.036647488
10.21999931,#6-7_1uM_DEX,#6-7,1uM_DEX,4,0.069630227
10.5,#6-7_1uM_DEX,#6-7,1uM_DEX,4,0.021988493
10.78000069,#6-7_1uM_DEX,#6-7,1uM_DEX,4,0.043976985
11.05999947,#6-7_1uM_DEX,#6-7,1uM_DEX,4,0.025653241
11.34000015,#6-7_1uM_DEX,#6-7,1uM_DEX,4,0.02931799
11.61999989,#6-7_1uM_DEX,#6-7,1uM_DEX,4,0.032982739
11.89999962,#6-7_1uM_DEX,#6-7,1uM_DEX,4,0.02931799
12.18000031,#6-7_1uM_DEX,#6-7,1uM_DEX,4,0.025653241
12.46000004,#6-7_1uM_DEX,#6-7,1uM_DEX,4,0.025653241
12.73999977,#6-7_1uM_DEX,#6-7,1uM_DEX,4,0.025653241
13.02000046,#6-7_1uM_DEX,#6-7,1uM_DEX,4,0.014658995
13.29999924,#6-7_1uM_DEX,#6-7,1uM_DEX,4,0.025653241
13.57999992,#6-7_1uM_DEX,#6-7,1uM_DEX,4,0.010994246
13.86000061,#6-7_1uM_DEX,#6-7,1uM_DEX,4,0.010994246